{
  "login_password": "लॉगिन पासवर्ड",
  "forgot_password": "पासवर्ड याद नहीं",
  "new_to_ok_play": "आपका स्वागत हैOK.PLAY",
  "create_account": "अब अपनी खेल यात्रा शुरू करें!",
  "log_in_directly_with": "के साथ सीधे लॉग इन करें",
  "welcome_to_ok_play": "आपका स्वागत हैOK.PLAY",
  "start_your_game_journey_now": "अब अपनी खेल यात्रा शुरू करें!"
}